{"cameraMode":{"drawMode":0,"name":"Shaded","section":"Shading Mode"},"sceneLighting":false,"audioPlay":false,"sceneViewState":{"showFog":true,"showMaterialUpdate":false,"showSkybox":true,"showFlares":true,"showImageEffects":true,"showParticleSystems":true},"in2DMode":false,"pivot":{"x":-28.5888614654541,"y":3.0474462509155275,"z":18.444040298461915},"rotation":{"x":0.06330274045467377,"y":0.9194402694702148,"z":-0.1658904254436493,"w":0.35085994005203249},"size":2.8578836917877199,"orthographic":false}