{"cameraMode":{"drawMode":0,"name":"Shaded","section":"Shading Mode"},"sceneLighting":false,"audioPlay":false,"sceneViewState":{"showFog":true,"showMaterialUpdate":false,"showSkybox":true,"showFlares":true,"showImageEffects":true,"showParticleSystems":true},"in2DMode":false,"pivot":{"x":31.289352416992189,"y":2.0,"z":114.4000015258789},"rotation":{"x":0.024415073916316034,"y":0.9650471806526184,"z":-0.09732323884963989,"w":0.24210764467716218},"size":4.041658401489258,"orthographic":false}