{"cameraMode":{"drawMode":0,"name":"Shaded","section":"Shading Mode"},"sceneLighting":false,"audioPlay":false,"sceneViewState":{"showFog":true,"showMaterialUpdate":false,"showSkybox":true,"showFlares":true,"showImageEffects":true,"showParticleSystems":true},"in2DMode":false,"pivot":{"x":3.9899797439575197,"y":1.9531419277191163,"z":-3.310696601867676},"rotation":{"x":0.09430476278066635,"y":0.03632134944200516,"z":-0.003444029251113534,"w":0.9948746562004089},"size":3.8610641956329347,"orthographic":false}