{"cameraMode":{"drawMode":0,"name":"Shaded","section":"Shading Mode"},"sceneLighting":false,"audioPlay":false,"sceneViewState":{"showFog":true,"showMaterialUpdate":false,"showSkybox":true,"showFlares":true,"showImageEffects":true,"showParticleSystems":true},"in2DMode":false,"pivot":{"x":15.351433753967286,"y":0.2834618389606476,"z":-6.7455034255981449},"rotation":{"x":0.0048927124589681629,"y":-0.8392553925514221,"z":-0.007551586255431175,"w":-0.5436630249023438},"size":17.96047019958496,"orthographic":false}