{"cameraMode":{"drawMode":0,"name":"Shaded","section":"Shading Mode"},"sceneLighting":false,"audioPlay":false,"sceneViewState":{"showFog":true,"showMaterialUpdate":false,"showSkybox":true,"showFlares":true,"showImageEffects":true,"showParticleSystems":true},"in2DMode":false,"pivot":{"x":-28.251953125,"y":81.37646484375,"z":51.331844329833987},"rotation":{"x":-0.014983088709414006,"y":0.9705870747566223,"z":-0.06269055604934693,"w":-0.23196159303188325},"size":5.995624542236328,"orthographic":false}