{"cameraMode":{"drawMode":0,"name":"Shaded","section":"Shading Mode"},"sceneLighting":false,"audioPlay":false,"sceneViewState":{"showFog":true,"showMaterialUpdate":false,"showSkybox":true,"showFlares":true,"showImageEffects":true,"showParticleSystems":true},"in2DMode":false,"pivot":{"x":-1.8205375671386719,"y":2.1340816020965578,"z":-14.801290512084961},"rotation":{"x":-0.06427454948425293,"y":0.8621146082878113,"z":-0.113149493932724,"w":-0.48971879482269289},"size":19.56039047241211,"orthographic":false}