{"cameraMode":{"drawMode":0,"name":"Shaded","section":"Shading Mode"},"sceneLighting":false,"audioPlay":false,"sceneViewState":{"showFog":true,"showMaterialUpdate":false,"showSkybox":true,"showFlares":true,"showImageEffects":true,"showParticleSystems":true},"in2DMode":false,"pivot":{"x":-4.627961158752441,"y":-1.733345627784729,"z":-15.833281517028809},"rotation":{"x":0.005761061795055866,"y":-0.9919841289520264,"z":0.04914500191807747,"w":0.11627206206321717},"size":18.033430099487306,"orthographic":false}