{"cameraMode":{"drawMode":0,"name":"Shaded","section":"Shading Mode"},"sceneLighting":false,"audioPlay":false,"sceneViewState":{"showFog":true,"showMaterialUpdate":false,"showSkybox":true,"showFlares":true,"showImageEffects":true,"showParticleSystems":true},"in2DMode":false,"pivot":{"x":5.212122917175293,"y":0.6396973133087158,"z":3.66408634185791},"rotation":{"x":0.0558786615729332,"y":0.49732571840286257,"z":0.032121721655130389,"w":-0.865166425704956},"size":22.0,"orthographic":false}