{"cameraMode":{"drawMode":0,"name":"Shaded","section":"Shading Mode"},"sceneLighting":false,"audioPlay":false,"sceneViewState":{"showFog":true,"showMaterialUpdate":false,"showSkybox":true,"showFlares":true,"showImageEffects":true,"showParticleSystems":true},"in2DMode":false,"pivot":{"x":2.235255002975464,"y":2.3042001724243166,"z":12.368586540222168},"rotation":{"x":0.01911499910056591,"y":-0.9434219598770142,"z":-0.05524643510580063,"w":-0.32640084624290469},"size":4.090513229370117,"orthographic":false}