{"cameraMode":{"drawMode":0,"name":"Shaded","section":"Shading Mode"},"sceneLighting":true,"audioPlay":false,"sceneViewState":{"showFog":true,"showMaterialUpdate":false,"showSkybox":true,"showFlares":true,"showImageEffects":true,"showParticleSystems":true},"in2DMode":false,"pivot":{"x":-21.123687744140626,"y":6.274170398712158,"z":56.987613677978519},"rotation":{"x":0.005988189484924078,"y":-0.06415773928165436,"z":0.0003849548811558634,"w":0.9979217648506165},"size":6.1979804039001469,"orthographic":false}