{"cameraMode":{"drawMode":0,"name":"Shaded","section":"Shading Mode"},"sceneLighting":true,"audioPlay":false,"sceneViewState":{"showFog":true,"showMaterialUpdate":false,"showSkybox":true,"showFlares":true,"showImageEffects":true,"showParticleSystems":true},"in2DMode":false,"pivot":{"x":2.0952718257904054,"y":1.7490102052688599,"z":117.06689453125},"rotation":{"x":-0.001388288103044033,"y":-0.9985963106155396,"z":0.03447007015347481,"w":-0.04019198939204216},"size":22.0,"orthographic":false}