{"cameraMode":{"drawMode":0,"name":"Shaded","section":"Shading Mode"},"sceneLighting":true,"audioPlay":false,"sceneViewState":{"showFog":true,"showMaterialUpdate":false,"showSkybox":true,"showFlares":true,"showImageEffects":true,"showParticleSystems":true},"in2DMode":false,"pivot":{"x":19.911643981933595,"y":16.013208389282228,"z":93.9437026977539},"rotation":{"x":0.16264069080352784,"y":0.33753111958503725,"z":-0.0593305379152298,"w":0.92525714635849},"size":9.271647453308106,"orthographic":false}